{
  "products": [
    {
      "id": 1,
      "name": "Wireless Mouse",
      "description": "HP wireless mouse with 1600 DPI optical sensor.",
      "price": 25.99,
      "category": "Electronics",
      "stock": 150,
      "image": "https://example.com/images/wireless-mouse.jpg",
      "rating": 4.5,
      "reviews": [
        {
          "id": 1,
          "user": "John Doe",
          "comment": "Great mouse for the price!",
          "rating": 5
        },
        {
          "id": 2,
          "user": "Jane Smith",
          "comment": "Comfortable to use, but the battery life could be better.",
          "rating": 4
        }
      ]
    },
    {
      "id": 2,
      "name": "Bluetooth Speaker",
      "description": "Portable Bluetooth speaker with 10-hour battery life and water resistance.",
      "price": 45.99,
      "category": "Audio",
      "stock": 85,
      "image": "https://example.com/images/bluetooth-speaker.jpg",
      "rating": 4.7,
      "reviews": [
        {
          "id": 1,
          "user": "Alice Brown",
          "comment": "Fantastic sound quality for the size.",
          "rating": 5
        },
        {
          "id": 2,
          "user": "Bob Johnson",
          "comment": "Very durable and the battery lasts long.",
          "rating": 4
        }
      ]
    },
    {
      "id": 4,
      "name": "Wireless Mouse",
      "description": "Dell wireless mouse with 1600 DPI optical sensor.",
      "price": 25.99,
      "category": "Electronics",
      "stock": 150,
      "image": "https://example.com/images/wireless-mouse.jpg",
      "rating": 4.5,
      "reviews": [
        {
          "id": 1,
          "user": "Jane Doe",
          "comment": "Great mouse for the price!",
          "rating": 5
        }
      ]
    },
    {
      "id": 5
    },
    {
      "id": 6
    },
    {
      "id": 7
    },
    {
      "id": 8
    },
    {
      "name": "Wireless Mouse",
      "description": "HP wireless mouse with 1600 DPI optical sensor.",
      "price": 25.99,
      "category": "Electronics",
      "stock": 150,
      "image": "https://example.com/images/wireless-mouse.jpg",
      "rating": 4.5,
      "reviews": [
        {
          "id": 1,
          "user": "John Doe",
          "comment": "Great mouse for the price!",
          "rating": 5
        },
        {
          "id": 2,
          "user": "Jane Smith",
          "comment": "Comfortable to use, but the battery life could be better.",
          "rating": 4
        }
      ],
      "id": 9
    },
    {
      "name": "Wireless Mouse",
      "description": "HP wireless mouse with 1600 DPI optical sensor.",
      "price": 25.99,
      "category": "Electronics",
      "stock": 150,
      "image": "https://example.com/images/wireless-mouse.jpg",
      "rating": 4.5,
      "id": 10
    },
    {
      "name": "Wireless Mouse",
      "description": "HP wireless mouse with 1600 DPI optical sensor.",
      "price": 25.99,
      "category": "Electronics",
      "stock": 150,
      "image": "https://example.com/images/wireless-mouse.jpg",
      "rating": 4.5,
      "reviews": [
        {
          "id": 1,
          "user": "John Doe",
          "comment": "Great mouse for the price!",
          "rating": 5
        },
        {
          "id": 2,
          "user": "Jane Smith",
          "comment": "Comfortable to use, but the battery life could be better.",
          "rating": 4
        }
      ],
      "id": 11
    },
    {
      "id": 12
    },
    {
      "id": 13
    },
    {
      "id": 14
    },
    {
      "id": 15
    },
    {
      "id": 16
    },
    {
      "name": "Bluetooth Speaker",
      "description": "Portable Bluetooth speaker with 10-hour battery life and water resistance.",
      "price": 45.99,
      "category": "Audio",
      "stock": 85,
      "image": "https://example.com/images/bluetooth-speaker.jpg",
      "rating": 4.7,
      "reviews": [
        {
          "id": 1,
          "user": "Alice Brown",
          "comment": "Fantastic sound quality for the size.",
          "rating": 5
        },
        {
          "id": 2,
          "user": "Bob Johnson",
          "comment": "Very durable and the battery lasts long.",
          "rating": 4
        }
      ],
      "id": 17
    },
    {
      "name": "Bluetooth Speaker",
      "description": "Portable Bluetooth speaker with 10-hour battery life and water resistance.",
      "price": 45.99,
      "category": "Audio",
      "stock": 85,
      "image": "https://example.com/images/bluetooth-speaker.jpg",
      "rating": 4.7,
      "reviews": [
        {
          "id": 1,
          "user": "Alice Brown",
          "comment": "Fantastic sound quality for the size.",
          "rating": 5
        },
        {
          "id": 2,
          "user": "Bob Johnson",
          "comment": "Very durable and the battery lasts long.",
          "rating": 4
        }
      ],
      "id": 18
    },
    {
      "name": "Bluetooth Speaker",
      "description": "Portable Bluetooth speaker with 10-hour battery life and water resistance.",
      "price": 45.99,
      "category": "Audio",
      "stock": 85,
      "image": "https://example.com/images/bluetooth-speaker.jpg",
      "rating": 4.7,
      "reviews": [
        {
          "id": 1,
          "user": "Alice Brown",
          "comment": "Fantastic sound quality for the size.",
          "rating": 5
        },
        {
          "id": 2,
          "user": "Bob Johnson",
          "comment": "Very durable and the battery lasts long.",
          "rating": 4
        }
      ],
      "id": 19
    },
    {
      "name": "Bluetooth Speaker",
      "description": "Portable Bluetooth speaker with 10-hour battery life and water resistance.",
      "price": 45.99,
      "category": "Audio",
      "stock": 85,
      "image": "https://example.com/images/bluetooth-speaker.jpg",
      "rating": 4.7,
      "reviews": [
        {
          "id": 1,
          "user": "Alice Brown",
          "comment": "Fantastic sound quality for the size.",
          "rating": 5
        },
        {
          "id": 2,
          "user": "Bob Johnson",
          "comment": "Very durable and the battery lasts long.",
          "rating": 4
        }
      ],
      "id": 21
    },
    {
      "name": "Bluetooth Speaker",
      "description": "Portable Bluetooth speaker with 10-hour battery life and water resistance.",
      "price": 45.99,
      "category": "Audio",
      "stock": 85,
      "image": "https://example.com/images/bluetooth-speaker.jpg",
      "rating": 4.7,
      "reviews": [
        {
          "id": 1,
          "user": "Alice Brown",
          "comment": "Fantastic sound quality for the size.",
          "rating": 5
        },
        {
          "id": 2,
          "user": "Bob Johnson",
          "comment": "Very durable and the battery lasts long.",
          "rating": 4
        }
      ],
      "id": 23
    },
    {
      "name": "Bluetooth Speaker",
      "description": "Portable Bluetooth speaker with 10-hour battery life and water resistance.",
      "price": 45.99,
      "category": "Audio",
      "stock": 85,
      "image": "https://example.com/images/bluetooth-speaker.jpg",
      "rating": 4.7,
      "reviews": [
        {
          "id": 1,
          "user": "Alice Brown",
          "comment": "Fantastic sound quality for the size.",
          "rating": 5
        },
        {
          "id": 2,
          "user": "Bob Johnson",
          "comment": "Very durable and the battery lasts long.",
          "rating": 4
        }
      ],
      "id": 24
    },
    {
      "name": "Bluetooth Speaker",
      "description": "Portable Bluetooth speaker with 10-hour battery life and water resistance.",
      "price": 45.99,
      "category": "Audio",
      "stock": 85,
      "image": "https://example.com/images/bluetooth-speaker.jpg",
      "rating": 4.7,
      "reviews": [
        {
          "id": 1,
          "user": "Alice Brown",
          "comment": "Fantastic sound quality for the size.",
          "rating": 5
        },
        {
          "id": 2,
          "user": "Bob Johnson",
          "comment": "Very durable and the battery lasts long.",
          "rating": 4
        }
      ],
      "id": 25
    },
    {
      "name": "Bluetooth Speaker",
      "description": "Portable Bluetooth speaker with 10-hour battery life and water resistance.",
      "price": 45.99,
      "category": "Audio",
      "stock": 85,
      "image": "https://example.com/images/bluetooth-speaker.jpg",
      "rating": 4.7,
      "reviews": [
        {
          "id": 1,
          "user": "Alice Brown",
          "comment": "Fantastic sound quality for the size.",
          "rating": 5
        },
        {
          "id": 2,
          "user": "Bob Johnson",
          "comment": "Very durable and the battery lasts long.",
          "rating": 4
        }
      ],
      "id": 26
    },
    {
      "name": "Bluetooth Speaker",
      "description": "Portable Bluetooth speaker with 10-hour battery life and water resistance.",
      "price": 45.99,
      "category": "Audio",
      "stock": 85,
      "image": "https://example.com/images/bluetooth-speaker.jpg",
      "rating": 4.7,
      "reviews": [
        {
          "id": 1,
          "user": "Alice Brown",
          "comment": "Fantastic sound quality for the size.",
          "rating": 5
        },
        {
          "id": 2,
          "user": "Bob Johnson",
          "comment": "Very durable and the battery lasts long.",
          "rating": 4
        }
      ],
      "id": 27
    },
    {
      "name": "Bluetooth Speaker",
      "description": "Portable Bluetooth speaker with 10-hour battery life and water resistance.",
      "price": 45.99,
      "category": "Audio",
      "stock": 85,
      "image": "https://example.com/images/bluetooth-speaker.jpg",
      "rating": 4.7,
      "reviews": [
        {
          "id": 1,
          "user": "Alice Brown",
          "comment": "Fantastic sound quality for the size.",
          "rating": 5
        },
        {
          "id": 2,
          "user": "Bob Johnson",
          "comment": "Very durable and the battery lasts long.",
          "rating": 4
        }
      ],
      "id": 28
    },
    {
      "name": "Bluetooth Speaker",
      "description": "Portable Bluetooth speaker with 10-hour battery life and water resistance.",
      "price": 45.99,
      "category": "Audio",
      "stock": 85,
      "image": "https://example.com/images/bluetooth-speaker.jpg",
      "rating": 4.7,
      "reviews": [
        {
          "id": 1,
          "user": "Alice Brown",
          "comment": "Fantastic sound quality for the size.",
          "rating": 5
        },
        {
          "id": 2,
          "user": "Bob Johnson",
          "comment": "Very durable and the battery lasts long.",
          "rating": 4
        }
      ],
      "id": 29
    },
    {
      "name": "Bluetooth Speaker",
      "description": "Portable Bluetooth speaker with 10-hour battery life and water resistance.",
      "price": 45.99,
      "category": "Audio",
      "stock": 85,
      "image": "https://example.com/images/bluetooth-speaker.jpg",
      "rating": 4.7,
      "reviews": [
        {
          "id": 1,
          "user": "Alice Brown",
          "comment": "Fantastic sound quality for the size.",
          "rating": 5
        },
        {
          "id": 2,
          "user": "Bob Johnson",
          "comment": "Very durable and the battery lasts long.",
          "rating": 4
        }
      ],
      "id": 30
    },
    {
      "name": "Bluetooth Speaker",
      "description": "Portable Bluetooth speaker with 10-hour battery life and water resistance.",
      "price": 45.99,
      "category": "Audio",
      "stock": 85,
      "image": "https://example.com/images/bluetooth-speaker.jpg",
      "rating": 4.7,
      "reviews": [
        {
          "id": 1,
          "user": "Alice Brown",
          "comment": "Fantastic sound quality for the size.",
          "rating": 5
        },
        {
          "id": 2,
          "user": "Bob Johnson",
          "comment": "Very durable and the battery lasts long.",
          "rating": 4
        }
      ],
      "id": 31
    },
    {
      "name": "Bluetooth Speaker",
      "description": "Portable Bluetooth speaker with 10-hour battery life and water resistance.",
      "price": 45.99,
      "category": "Audio",
      "stock": 85,
      "image": "https://example.com/images/bluetooth-speaker.jpg",
      "rating": 4.7,
      "reviews": [
        {
          "id": 1,
          "user": "Alice Brown",
          "comment": "Fantastic sound quality for the size.",
          "rating": 5
        },
        {
          "id": 2,
          "user": "Bob Johnson",
          "comment": "Very durable and the battery lasts long.",
          "rating": 4
        }
      ],
      "id": 32
    },
    {
      "name": "Bluetooth Speaker",
      "description": "Portable Bluetooth speaker with 10-hour battery life and water resistance.",
      "price": 45.99,
      "category": "Audio",
      "stock": 85,
      "image": "https://example.com/images/bluetooth-speaker.jpg",
      "rating": 4.7,
      "reviews": [
        {
          "id": 1,
          "user": "Alice Brown",
          "comment": "Fantastic sound quality for the size.",
          "rating": 5
        },
        {
          "id": 2,
          "user": "Bob Johnson",
          "comment": "Very durable and the battery lasts long.",
          "rating": 4
        }
      ],
      "id": 33
    },
    {
      "name": "Bluetooth Speaker",
      "description": "Portable Bluetooth speaker with 10-hour battery life and water resistance.",
      "price": 45.99,
      "category": "Audio",
      "stock": 85,
      "image": "https://example.com/images/bluetooth-speaker.jpg",
      "rating": 4.7,
      "reviews": [
        {
          "id": 1,
          "user": "Alice Brown",
          "comment": "Fantastic sound quality for the size.",
          "rating": 5
        },
        {
          "id": 2,
          "user": "Bob Johnson",
          "comment": "Very durable and the battery lasts long.",
          "rating": 4
        }
      ],
      "id": 34
    },
    {
      "name": "Bluetooth Speaker",
      "description": "Portable Bluetooth speaker with 10-hour battery life and water resistance.",
      "price": 45.99,
      "category": "Audio",
      "stock": 85,
      "image": "https://example.com/images/bluetooth-speaker.jpg",
      "rating": 4.7,
      "reviews": [
        {
          "id": 1,
          "user": "Alice Brown",
          "comment": "Fantastic sound quality for the size.",
          "rating": 5
        },
        {
          "id": 2,
          "user": "Bob Johnson",
          "comment": "Very durable and the battery lasts long.",
          "rating": 4
        }
      ],
      "id": 35
    },
    {
      "name": "Bluetooth Speaker",
      "description": "Portable Bluetooth speaker with 10-hour battery life and water resistance.",
      "price": 45.99,
      "category": "Audio",
      "stock": 85,
      "image": "https://example.com/images/bluetooth-speaker.jpg",
      "rating": 4.7,
      "reviews": [
        {
          "id": 1,
          "user": "Alice Brown",
          "comment": "Fantastic sound quality for the size.",
          "rating": 5
        },
        {
          "id": 2,
          "user": "Bob Johnson",
          "comment": "Very durable and the battery lasts long.",
          "rating": 4
        }
      ],
      "id": 36
    },
    {
      "name": "Bluetooth Speaker",
      "description": "Portable Bluetooth speaker with 10-hour battery life and water resistance.",
      "price": 45.99,
      "category": "Audio",
      "stock": 85,
      "image": "https://example.com/images/bluetooth-speaker.jpg",
      "rating": 4.7,
      "reviews": [
        {
          "id": 1,
          "user": "Alice Brown",
          "comment": "Fantastic sound quality for the size.",
          "rating": 5
        },
        {
          "id": 2,
          "user": "Bob Johnson",
          "comment": "Very durable and the battery lasts long.",
          "rating": 4
        }
      ],
      "id": 37
    },
    {
      "name": "Bluetooth Speaker",
      "description": "Portable Bluetooth speaker with 10-hour battery life and water resistance.",
      "price": 45.99,
      "category": "Audio",
      "stock": 85,
      "image": "https://example.com/images/bluetooth-speaker.jpg",
      "rating": 4.7,
      "reviews": [
        {
          "id": 1,
          "user": "Alice Brown",
          "comment": "Fantastic sound quality for the size.",
          "rating": 5
        },
        {
          "id": 2,
          "user": "Bob Johnson",
          "comment": "Very durable and the battery lasts long.",
          "rating": 4
        }
      ],
      "id": 38
    },
    {
      "name": "Bluetooth Speaker",
      "description": "Portable Bluetooth speaker with 10-hour battery life and water resistance.",
      "price": 45.99,
      "category": "Audio",
      "stock": 85,
      "image": "https://example.com/images/bluetooth-speaker.jpg",
      "rating": 4.7,
      "reviews": [
        {
          "id": 1,
          "user": "Alice Brown",
          "comment": "Fantastic sound quality for the size.",
          "rating": 5
        },
        {
          "id": 2,
          "user": "Bob Johnson",
          "comment": "Very durable and the battery lasts long.",
          "rating": 4
        }
      ],
      "id": 39
    },
    {
      "name": "Bluetooth Speaker",
      "description": "Portable Bluetooth speaker with 10-hour battery life and water resistance.",
      "price": 45.99,
      "category": "Audio",
      "stock": 85,
      "image": "https://example.com/images/bluetooth-speaker.jpg",
      "rating": 4.7,
      "reviews": [
        {
          "id": 1,
          "user": "Alice Brown",
          "comment": "Fantastic sound quality for the size.",
          "rating": 5
        },
        {
          "id": 2,
          "user": "Bob Johnson",
          "comment": "Very durable and the battery lasts long.",
          "rating": 4
        }
      ],
      "id": 40
    },
    {
      "name": "Bluetooth Speaker",
      "description": "Portable Bluetooth speaker with 10-hour battery life and water resistance.",
      "price": 45.99,
      "category": "Audio",
      "stock": 85,
      "image": "https://example.com/images/bluetooth-speaker.jpg",
      "rating": 4.7,
      "reviews": [
        {
          "id": 1,
          "user": "Alice Brown",
          "comment": "Fantastic sound quality for the size.",
          "rating": 5
        },
        {
          "id": 2,
          "user": "Bob Johnson",
          "comment": "Very durable and the battery lasts long.",
          "rating": 4
        }
      ],
      "id": 41
    },
    {
      "name": "Bluetooth Speaker",
      "description": "Portable Bluetooth speaker with 10-hour battery life and water resistance.",
      "price": 45.99,
      "category": "Audio",
      "stock": 85,
      "image": "https://example.com/images/bluetooth-speaker.jpg",
      "rating": 4.7,
      "reviews": [
        {
          "id": 1,
          "user": "Alice Brown",
          "comment": "Fantastic sound quality for the size.",
          "rating": 5
        },
        {
          "id": 2,
          "user": "Bob Johnson",
          "comment": "Very durable and the battery lasts long.",
          "rating": 4
        }
      ],
      "id": 42
    },
    {
      "name": "Bluetooth Speaker",
      "description": "Portable Bluetooth speaker with 10-hour battery life and water resistance.",
      "price": 45.99,
      "category": "Audio",
      "stock": 85,
      "image": "https://example.com/images/bluetooth-speaker.jpg",
      "rating": 4.7,
      "reviews": [
        {
          "id": 1,
          "user": "Alice Brown",
          "comment": "Fantastic sound quality for the size.",
          "rating": 5
        },
        {
          "id": 2,
          "user": "Bob Johnson",
          "comment": "Very durable and the battery lasts long.",
          "rating": 4
        }
      ],
      "id": 43
    },
    {
      "name": "Bluetooth Speaker",
      "description": "Portable Bluetooth speaker with 10-hour battery life and water resistance.",
      "price": 45.99,
      "category": "Audio",
      "stock": 85,
      "image": "https://example.com/images/bluetooth-speaker.jpg",
      "rating": 4.7,
      "reviews": [
        {
          "id": 1,
          "user": "Alice Brown",
          "comment": "Fantastic sound quality for the size.",
          "rating": 5
        },
        {
          "id": 2,
          "user": "Bob Johnson",
          "comment": "Very durable and the battery lasts long.",
          "rating": 4
        }
      ],
      "id": 44
    },
    {
      "name": "Bluetooth Speaker",
      "description": "Portable Bluetooth speaker with 10-hour battery life and water resistance.",
      "price": 45.99,
      "category": "Audio",
      "stock": 85,
      "image": "https://example.com/images/bluetooth-speaker.jpg",
      "rating": 4.7,
      "reviews": [
        {
          "id": 1,
          "user": "Alice Brown",
          "comment": "Fantastic sound quality for the size.",
          "rating": 5
        },
        {
          "id": 2,
          "user": "Bob Johnson",
          "comment": "Very durable and the battery lasts long.",
          "rating": 4
        }
      ],
      "id": 45
    },
    {
      "name": "Bluetooth Speaker",
      "description": "Portable Bluetooth speaker with 10-hour battery life and water resistance.",
      "price": 45.99,
      "category": "Audio",
      "stock": 85,
      "image": "https://example.com/images/bluetooth-speaker.jpg",
      "rating": 4.7,
      "reviews": [
        {
          "id": 1,
          "user": "Alice Brown",
          "comment": "Fantastic sound quality for the size.",
          "rating": 5
        },
        {
          "id": 2,
          "user": "Bob Johnson",
          "comment": "Very durable and the battery lasts long.",
          "rating": 4
        }
      ],
      "id": 46
    },
    {
      "name": "Bluetooth Speaker",
      "description": "Portable Bluetooth speaker with 10-hour battery life and water resistance.",
      "price": 45.99,
      "category": "Audio",
      "stock": 85,
      "image": "https://example.com/images/bluetooth-speaker.jpg",
      "rating": 4.7,
      "reviews": [
        {
          "id": 1,
          "user": "Alice Brown",
          "comment": "Fantastic sound quality for the size.",
          "rating": 5
        },
        {
          "id": 2,
          "user": "Bob Johnson",
          "comment": "Very durable and the battery lasts long.",
          "rating": 4
        }
      ],
      "id": 47
    },
    {
      "name": "Bluetooth Speaker",
      "description": "Portable Bluetooth speaker with 10-hour battery life and water resistance.",
      "price": 45.99,
      "category": "Audio",
      "stock": 85,
      "image": "https://example.com/images/bluetooth-speaker.jpg",
      "rating": 4.7,
      "reviews": [
        {
          "id": 1,
          "user": "Alice Brown",
          "comment": "Fantastic sound quality for the size.",
          "rating": 5
        },
        {
          "id": 2,
          "user": "Bob Johnson",
          "comment": "Very durable and the battery lasts long.",
          "rating": 4
        }
      ],
      "id": 48
    },
    {
      "name": "Bluetooth Speaker",
      "description": "Portable Bluetooth speaker with 10-hour battery life and water resistance.",
      "price": 45.99,
      "category": "Audio",
      "stock": 85,
      "image": "https://example.com/images/bluetooth-speaker.jpg",
      "rating": 4.7,
      "reviews": [
        {
          "id": 1,
          "user": "Alice Brown",
          "comment": "Fantastic sound quality for the size.",
          "rating": 5
        },
        {
          "id": 2,
          "user": "Bob Johnson",
          "comment": "Very durable and the battery lasts long.",
          "rating": 4
        }
      ],
      "id": 49
    },
    {
      "name": "Bluetooth Speaker",
      "description": "Portable Bluetooth speaker with 10-hour battery life and water resistance.",
      "price": 45.99,
      "category": "Audio",
      "stock": 85,
      "image": "https://example.com/images/bluetooth-speaker.jpg",
      "rating": 4.7,
      "reviews": [
        {
          "id": 1,
          "user": "Alice Brown",
          "comment": "Fantastic sound quality for the size.",
          "rating": 5
        },
        {
          "id": 2,
          "user": "Bob Johnson",
          "comment": "Very durable and the battery lasts long.",
          "rating": 4
        }
      ],
      "id": 50
    },
    {
      "name": "Bluetooth Speaker",
      "description": "Portable Bluetooth speaker with 10-hour battery life and water resistance.",
      "price": 45.99,
      "category": "Audio",
      "stock": 85,
      "image": "https://example.com/images/bluetooth-speaker.jpg",
      "rating": 4.7,
      "reviews": [
        {
          "id": 1,
          "user": "Alice Brown",
          "comment": "Fantastic sound quality for the size.",
          "rating": 5
        },
        {
          "id": 2,
          "user": "Bob Johnson",
          "comment": "Very durable and the battery lasts long.",
          "rating": 4
        }
      ],
      "id": 51
    },
    {
      "name": "Bluetooth Speaker",
      "description": "Portable Bluetooth speaker with 10-hour battery life and water resistance.",
      "price": 45.99,
      "category": "Audio",
      "stock": 85,
      "image": "https://example.com/images/bluetooth-speaker.jpg",
      "rating": 4.7,
      "reviews": [
        {
          "id": 1,
          "user": "Alice Brown",
          "comment": "Fantastic sound quality for the size.",
          "rating": 5
        },
        {
          "id": 2,
          "user": "Bob Johnson",
          "comment": "Very durable and the battery lasts long.",
          "rating": 4
        }
      ],
      "id": 52
    },
    {
      "name": "Bluetooth Speaker",
      "description": "Portable Bluetooth speaker with 10-hour battery life and water resistance.",
      "price": 45.99,
      "category": "Audio",
      "stock": 85,
      "image": "https://example.com/images/bluetooth-speaker.jpg",
      "rating": 4.7,
      "reviews": [
        {
          "id": 1,
          "user": "Alice Brown",
          "comment": "Fantastic sound quality for the size.",
          "rating": 5
        },
        {
          "id": 2,
          "user": "Bob Johnson",
          "comment": "Very durable and the battery lasts long.",
          "rating": 4
        }
      ],
      "id": 53
    },
    {
      "name": "Bluetooth Speaker",
      "description": "Portable Bluetooth speaker with 10-hour battery life and water resistance.",
      "price": 45.99,
      "category": "Audio",
      "stock": 85,
      "image": "https://example.com/images/bluetooth-speaker.jpg",
      "rating": 4.7,
      "reviews": [
        {
          "id": 1,
          "user": "Alice Brown",
          "comment": "Fantastic sound quality for the size.",
          "rating": 5
        },
        {
          "id": 2,
          "user": "Bob Johnson",
          "comment": "Very durable and the battery lasts long.",
          "rating": 4
        }
      ],
      "id": 54
    },
    {
      "name": "Bluetooth Speaker",
      "description": "Portable Bluetooth speaker with 10-hour battery life and water resistance.",
      "price": 45.99,
      "category": "Audio",
      "stock": 85,
      "image": "https://example.com/images/bluetooth-speaker.jpg",
      "rating": 4.7,
      "reviews": [
        {
          "id": 1,
          "user": "Alice Brown",
          "comment": "Fantastic sound quality for the size.",
          "rating": 5
        },
        {
          "id": 2,
          "user": "Bob Johnson",
          "comment": "Very durable and the battery lasts long.",
          "rating": 4
        }
      ],
      "id": 55
    },
    {
      "name": "Bluetooth Speaker",
      "description": "Portable Bluetooth speaker with 10-hour battery life and water resistance.",
      "price": 45.99,
      "category": "Audio",
      "stock": 85,
      "image": "https://example.com/images/bluetooth-speaker.jpg",
      "rating": 4.7,
      "reviews": [
        {
          "id": 1,
          "user": "Alice Brown",
          "comment": "Fantastic sound quality for the size.",
          "rating": 5
        },
        {
          "id": 2,
          "user": "Bob Johnson",
          "comment": "Very durable and the battery lasts long.",
          "rating": 4
        }
      ],
      "id": 56
    },
    {
      "name": "Bluetooth Speaker",
      "description": "Portable Bluetooth speaker with 10-hour battery life and water resistance.",
      "price": 45.99,
      "category": "Audio",
      "stock": 85,
      "image": "https://example.com/images/bluetooth-speaker.jpg",
      "rating": 4.7,
      "reviews": [
        {
          "id": 1,
          "user": "Alice Brown",
          "comment": "Fantastic sound quality for the size.",
          "rating": 5
        },
        {
          "id": 2,
          "user": "Bob Johnson",
          "comment": "Very durable and the battery lasts long.",
          "rating": 4
        }
      ],
      "id": 57
    },
    {
      "name": "Bluetooth Speaker",
      "description": "Portable Bluetooth speaker with 10-hour battery life and water resistance.",
      "price": 45.99,
      "category": "Audio",
      "stock": 85,
      "image": "https://example.com/images/bluetooth-speaker.jpg",
      "rating": 4.7,
      "reviews": [
        {
          "id": 1,
          "user": "Alice Brown",
          "comment": "Fantastic sound quality for the size.",
          "rating": 5
        },
        {
          "id": 2,
          "user": "Bob Johnson",
          "comment": "Very durable and the battery lasts long.",
          "rating": 4
        }
      ],
      "id": 58
    },
    {
      "name": "Bluetooth Speaker",
      "description": "Portable Bluetooth speaker with 10-hour battery life and water resistance.",
      "price": 45.99,
      "category": "Audio",
      "stock": 85,
      "image": "https://example.com/images/bluetooth-speaker.jpg",
      "rating": 4.7,
      "reviews": [
        {
          "id": 1,
          "user": "Alice Brown",
          "comment": "Fantastic sound quality for the size.",
          "rating": 5
        },
        {
          "id": 2,
          "user": "Bob Johnson",
          "comment": "Very durable and the battery lasts long.",
          "rating": 4
        }
      ],
      "id": 59
    },
    {
      "name": "Bluetooth Speaker",
      "description": "Portable Bluetooth speaker with 10-hour battery life and water resistance.",
      "price": 45.99,
      "category": "Audio",
      "stock": 85,
      "image": "https://example.com/images/bluetooth-speaker.jpg",
      "rating": 4.7,
      "reviews": [
        {
          "id": 1,
          "user": "Alice Brown",
          "comment": "Fantastic sound quality for the size.",
          "rating": 5
        },
        {
          "id": 2,
          "user": "Bob Johnson",
          "comment": "Very durable and the battery lasts long.",
          "rating": 4
        }
      ],
      "id": 60
    },
    {
      "name": "Bluetooth Speaker",
      "description": "Portable Bluetooth speaker with 10-hour battery life and water resistance.",
      "price": 45.99,
      "category": "Audio",
      "stock": 85,
      "image": "https://example.com/images/bluetooth-speaker.jpg",
      "rating": 4.7,
      "reviews": [
        {
          "id": 1,
          "user": "Alice Brown",
          "comment": "Fantastic sound quality for the size.",
          "rating": 5
        },
        {
          "id": 2,
          "user": "Bob Johnson",
          "comment": "Very durable and the battery lasts long.",
          "rating": 4
        }
      ],
      "id": 61
    },
    {
      "name": "Bluetooth Speaker",
      "description": "Portable Bluetooth speaker with 10-hour battery life and water resistance.",
      "price": 45.99,
      "category": "Audio",
      "stock": 85,
      "image": "https://example.com/images/bluetooth-speaker.jpg",
      "rating": 4.7,
      "reviews": [
        {
          "id": 1,
          "user": "Alice Brown",
          "comment": "Fantastic sound quality for the size.",
          "rating": 5
        },
        {
          "id": 2,
          "user": "Bob Johnson",
          "comment": "Very durable and the battery lasts long.",
          "rating": 4
        }
      ],
      "id": 62
    },
    {
      "name": "Bluetooth Speaker",
      "description": "Portable Bluetooth speaker with 10-hour battery life and water resistance.",
      "price": 45.99,
      "category": "Audio",
      "stock": 85,
      "image": "https://example.com/images/bluetooth-speaker.jpg",
      "rating": 4.7,
      "reviews": [
        {
          "id": 1,
          "user": "Alice Brown",
          "comment": "Fantastic sound quality for the size.",
          "rating": 5
        },
        {
          "id": 2,
          "user": "Bob Johnson",
          "comment": "Very durable and the battery lasts long.",
          "rating": 4
        }
      ],
      "id": 63
    },
    {
      "name": "Bluetooth Speaker",
      "description": "Portable Bluetooth speaker with 10-hour battery life and water resistance.",
      "price": 45.99,
      "category": "Audio",
      "stock": 85,
      "image": "https://example.com/images/bluetooth-speaker.jpg",
      "rating": 4.7,
      "reviews": [
        {
          "id": 1,
          "user": "Alice Brown",
          "comment": "Fantastic sound quality for the size.",
          "rating": 5
        },
        {
          "id": 2,
          "user": "Bob Johnson",
          "comment": "Very durable and the battery lasts long.",
          "rating": 4
        }
      ],
      "id": 64
    },
    {
      "name": "Bluetooth Speaker",
      "description": "Portable Bluetooth speaker with 10-hour battery life and water resistance.",
      "price": 45.99,
      "category": "Audio",
      "stock": 85,
      "image": "https://example.com/images/bluetooth-speaker.jpg",
      "rating": 4.7,
      "reviews": [
        {
          "id": 1,
          "user": "Alice Brown",
          "comment": "Fantastic sound quality for the size.",
          "rating": 5
        },
        {
          "id": 2,
          "user": "Bob Johnson",
          "comment": "Very durable and the battery lasts long.",
          "rating": 4
        }
      ],
      "id": 65
    },
    {
      "name": "Bluetooth Speaker",
      "description": "Portable Bluetooth speaker with 10-hour battery life and water resistance.",
      "price": 45.99,
      "category": "Audio",
      "stock": 85,
      "image": "https://example.com/images/bluetooth-speaker.jpg",
      "rating": 4.7,
      "reviews": [
        {
          "id": 1,
          "user": "Alice Brown",
          "comment": "Fantastic sound quality for the size.",
          "rating": 5
        },
        {
          "id": 2,
          "user": "Bob Johnson",
          "comment": "Very durable and the battery lasts long.",
          "rating": 4
        }
      ],
      "id": 66
    },
    {
      "name": "Bluetooth Speaker",
      "description": "Portable Bluetooth speaker with 10-hour battery life and water resistance.",
      "price": 45.99,
      "category": "Audio",
      "stock": 85,
      "image": "https://example.com/images/bluetooth-speaker.jpg",
      "rating": 4.7,
      "reviews": [
        {
          "id": 1,
          "user": "Alice Brown",
          "comment": "Fantastic sound quality for the size.",
          "rating": 5
        },
        {
          "id": 2,
          "user": "Bob Johnson",
          "comment": "Very durable and the battery lasts long.",
          "rating": 4
        }
      ],
      "id": 67
    },
    {
      "name": "Bluetooth Speaker",
      "description": "Portable Bluetooth speaker with 10-hour battery life and water resistance.",
      "price": 45.99,
      "category": "Audio",
      "stock": 85,
      "image": "https://example.com/images/bluetooth-speaker.jpg",
      "rating": 4.7,
      "reviews": [
        {
          "id": 1,
          "user": "Alice Brown",
          "comment": "Fantastic sound quality for the size.",
          "rating": 5
        },
        {
          "id": 2,
          "user": "Bob Johnson",
          "comment": "Very durable and the battery lasts long.",
          "rating": 4
        }
      ],
      "id": 68
    },
    {
      "name": "Bluetooth Speaker",
      "description": "Portable Bluetooth speaker with 10-hour battery life and water resistance.",
      "price": 45.99,
      "category": "Audio",
      "stock": 85,
      "image": "https://example.com/images/bluetooth-speaker.jpg",
      "rating": 4.7,
      "reviews": [
        {
          "id": 1,
          "user": "Alice Brown",
          "comment": "Fantastic sound quality for the size.",
          "rating": 5
        },
        {
          "id": 2,
          "user": "Bob Johnson",
          "comment": "Very durable and the battery lasts long.",
          "rating": 4
        }
      ],
      "id": 69
    },
    {
      "name": "Bluetooth Speaker",
      "description": "Portable Bluetooth speaker with 10-hour battery life and water resistance.",
      "price": 45.99,
      "category": "Audio",
      "stock": 85,
      "image": "https://example.com/images/bluetooth-speaker.jpg",
      "rating": 4.7,
      "reviews": [
        {
          "id": 1,
          "user": "Alice Brown",
          "comment": "Fantastic sound quality for the size.",
          "rating": 5
        },
        {
          "id": 2,
          "user": "Bob Johnson",
          "comment": "Very durable and the battery lasts long.",
          "rating": 4
        }
      ],
      "id": 70
    },
    {
      "name": "Bluetooth Speaker",
      "description": "Portable Bluetooth speaker with 10-hour battery life and water resistance.",
      "price": 45.99,
      "category": "Audio",
      "stock": 85,
      "image": "https://example.com/images/bluetooth-speaker.jpg",
      "rating": 4.7,
      "reviews": [
        {
          "id": 1,
          "user": "Alice Brown",
          "comment": "Fantastic sound quality for the size.",
          "rating": 5
        },
        {
          "id": 2,
          "user": "Bob Johnson",
          "comment": "Very durable and the battery lasts long.",
          "rating": 4
        }
      ],
      "id": 71
    },
    {
      "name": "Bluetooth Speaker",
      "description": "Portable Bluetooth speaker with 10-hour battery life and water resistance.",
      "price": 45.99,
      "category": "Audio",
      "stock": 85,
      "image": "https://example.com/images/bluetooth-speaker.jpg",
      "rating": 4.7,
      "reviews": [
        {
          "id": 1,
          "user": "Alice Brown",
          "comment": "Fantastic sound quality for the size.",
          "rating": 5
        },
        {
          "id": 2,
          "user": "Bob Johnson",
          "comment": "Very durable and the battery lasts long.",
          "rating": 4
        }
      ],
      "id": 72
    },
    {
      "name": "Bluetooth Speaker",
      "description": "Portable Bluetooth speaker with 10-hour battery life and water resistance.",
      "price": 45.99,
      "category": "Audio",
      "stock": 85,
      "image": "https://example.com/images/bluetooth-speaker.jpg",
      "rating": 4.7,
      "reviews": [
        {
          "id": 1,
          "user": "Alice Brown",
          "comment": "Fantastic sound quality for the size.",
          "rating": 5
        },
        {
          "id": 2,
          "user": "Bob Johnson",
          "comment": "Very durable and the battery lasts long.",
          "rating": 4
        }
      ],
      "id": 73
    },
    {
      "name": "Bluetooth Speaker",
      "description": "Portable Bluetooth speaker with 10-hour battery life and water resistance.",
      "price": 45.99,
      "category": "Audio",
      "stock": 85,
      "image": "https://example.com/images/bluetooth-speaker.jpg",
      "rating": 4.7,
      "reviews": [
        {
          "id": 1,
          "user": "Alice Brown",
          "comment": "Fantastic sound quality for the size.",
          "rating": 5
        },
        {
          "id": 2,
          "user": "Bob Johnson",
          "comment": "Very durable and the battery lasts long.",
          "rating": 4
        }
      ],
      "id": 74
    },
    {
      "name": "Bluetooth Speaker",
      "description": "Portable Bluetooth speaker with 10-hour battery life and water resistance.",
      "price": 45.99,
      "category": "Audio",
      "stock": 85,
      "image": "https://example.com/images/bluetooth-speaker.jpg",
      "rating": 4.7,
      "reviews": [
        {
          "id": 1,
          "user": "Alice Brown",
          "comment": "Fantastic sound quality for the size.",
          "rating": 5
        },
        {
          "id": 2,
          "user": "Bob Johnson",
          "comment": "Very durable and the battery lasts long.",
          "rating": 4
        }
      ],
      "id": 75
    },
    {
      "name": "Bluetooth Speaker",
      "description": "Portable Bluetooth speaker with 10-hour battery life and water resistance.",
      "price": 45.99,
      "category": "Audio",
      "stock": 85,
      "image": "https://example.com/images/bluetooth-speaker.jpg",
      "rating": 4.7,
      "reviews": [
        {
          "id": 1,
          "user": "Alice Brown",
          "comment": "Fantastic sound quality for the size.",
          "rating": 5
        },
        {
          "id": 2,
          "user": "Bob Johnson",
          "comment": "Very durable and the battery lasts long.",
          "rating": 4
        }
      ],
      "id": 76
    },
    {
      "name": "Bluetooth Speaker",
      "description": "Portable Bluetooth speaker with 10-hour battery life and water resistance.",
      "price": 45.99,
      "category": "Audio",
      "stock": 85,
      "image": "https://example.com/images/bluetooth-speaker.jpg",
      "rating": 4.7,
      "reviews": [
        {
          "id": 1,
          "user": "Alice Brown",
          "comment": "Fantastic sound quality for the size.",
          "rating": 5
        },
        {
          "id": 2,
          "user": "Bob Johnson",
          "comment": "Very durable and the battery lasts long.",
          "rating": 4
        }
      ],
      "id": 77
    },
    {
      "name": "Bluetooth Speaker",
      "description": "Portable Bluetooth speaker with 10-hour battery life and water resistance.",
      "price": 45.99,
      "category": "Audio",
      "stock": 85,
      "image": "https://example.com/images/bluetooth-speaker.jpg",
      "rating": 4.7,
      "reviews": [
        {
          "id": 1,
          "user": "Alice Brown",
          "comment": "Fantastic sound quality for the size.",
          "rating": 5
        },
        {
          "id": 2,
          "user": "Bob Johnson",
          "comment": "Very durable and the battery lasts long.",
          "rating": 4
        }
      ],
      "id": 78
    },
    {
      "name": "Bluetooth Speaker",
      "description": "Portable Bluetooth speaker with 10-hour battery life and water resistance.",
      "price": 45.99,
      "category": "Audio",
      "stock": 85,
      "image": "https://example.com/images/bluetooth-speaker.jpg",
      "rating": 4.7,
      "reviews": [
        {
          "id": 1,
          "user": "Alice Brown",
          "comment": "Fantastic sound quality for the size.",
          "rating": 5
        },
        {
          "id": 2,
          "user": "Bob Johnson",
          "comment": "Very durable and the battery lasts long.",
          "rating": 4
        }
      ],
      "id": 79
    },
    {
      "name": "Bluetooth Speaker",
      "description": "Portable Bluetooth speaker with 10-hour battery life and water resistance.",
      "price": 45.99,
      "category": "Audio",
      "stock": 85,
      "image": "https://example.com/images/bluetooth-speaker.jpg",
      "rating": 4.7,
      "reviews": [
        {
          "id": 1,
          "user": "Alice Brown",
          "comment": "Fantastic sound quality for the size.",
          "rating": 5
        },
        {
          "id": 2,
          "user": "Bob Johnson",
          "comment": "Very durable and the battery lasts long.",
          "rating": 4
        }
      ],
      "id": 80
    },
    {
      "name": "Bluetooth Speaker",
      "description": "Portable Bluetooth speaker with 10-hour battery life and water resistance.",
      "price": 45.99,
      "category": "Audio",
      "stock": 85,
      "image": "https://example.com/images/bluetooth-speaker.jpg",
      "rating": 4.7,
      "reviews": [
        {
          "id": 1,
          "user": "Alice Brown",
          "comment": "Fantastic sound quality for the size.",
          "rating": 5
        },
        {
          "id": 2,
          "user": "Bob Johnson",
          "comment": "Very durable and the battery lasts long.",
          "rating": 4
        }
      ],
      "id": 81
    },
    {
      "name": "Bluetooth Speaker",
      "description": "Portable Bluetooth speaker with 10-hour battery life and water resistance.",
      "price": 45.99,
      "category": "Audio",
      "stock": 85,
      "image": "https://example.com/images/bluetooth-speaker.jpg",
      "rating": 4.7,
      "reviews": [
        {
          "id": 1,
          "user": "Alice Brown",
          "comment": "Fantastic sound quality for the size.",
          "rating": 5
        },
        {
          "id": 2,
          "user": "Bob Johnson",
          "comment": "Very durable and the battery lasts long.",
          "rating": 4
        }
      ],
      "id": 82
    },
    {
      "name": "Bluetooth Speaker",
      "description": "Portable Bluetooth speaker with 10-hour battery life and water resistance.",
      "price": 45.99,
      "category": "Audio",
      "stock": 85,
      "image": "https://example.com/images/bluetooth-speaker.jpg",
      "rating": 4.7,
      "reviews": [
        {
          "id": 1,
          "user": "Alice Brown",
          "comment": "Fantastic sound quality for the size.",
          "rating": 5
        },
        {
          "id": 2,
          "user": "Bob Johnson",
          "comment": "Very durable and the battery lasts long.",
          "rating": 4
        }
      ],
      "id": 83
    },
    {
      "name": "Bluetooth Speaker",
      "description": "Portable Bluetooth speaker with 10-hour battery life and water resistance.",
      "price": 45.99,
      "category": "Audio",
      "stock": 85,
      "image": "https://example.com/images/bluetooth-speaker.jpg",
      "rating": 4.7,
      "reviews": [
        {
          "id": 1,
          "user": "Alice Brown",
          "comment": "Fantastic sound quality for the size.",
          "rating": 5
        },
        {
          "id": 2,
          "user": "Bob Johnson",
          "comment": "Very durable and the battery lasts long.",
          "rating": 4
        }
      ],
      "id": 84
    },
    {
      "name": "Bluetooth Speaker",
      "description": "Portable Bluetooth speaker with 10-hour battery life and water resistance.",
      "price": 45.99,
      "category": "Audio",
      "stock": 85,
      "image": "https://example.com/images/bluetooth-speaker.jpg",
      "rating": 4.7,
      "reviews": [
        {
          "id": 1,
          "user": "Alice Brown",
          "comment": "Fantastic sound quality for the size.",
          "rating": 5
        },
        {
          "id": 2,
          "user": "Bob Johnson",
          "comment": "Very durable and the battery lasts long.",
          "rating": 4
        }
      ],
      "id": 85
    },
    {
      "name": "Bluetooth Speaker",
      "description": "Portable Bluetooth speaker with 10-hour battery life and water resistance.",
      "price": 45.99,
      "category": "Audio",
      "stock": 85,
      "image": "https://example.com/images/bluetooth-speaker.jpg",
      "rating": 4.7,
      "reviews": [
        {
          "id": 1,
          "user": "Alice Brown",
          "comment": "Fantastic sound quality for the size.",
          "rating": 5
        },
        {
          "id": 2,
          "user": "Bob Johnson",
          "comment": "Very durable and the battery lasts long.",
          "rating": 4
        }
      ],
      "id": 86
    },
    {
      "name": "Bluetooth Speaker",
      "description": "Portable Bluetooth speaker with 10-hour battery life and water resistance.",
      "price": 45.99,
      "category": "Audio",
      "stock": 85,
      "image": "https://example.com/images/bluetooth-speaker.jpg",
      "rating": 4.7,
      "reviews": [
        {
          "id": 1,
          "user": "Alice Brown",
          "comment": "Fantastic sound quality for the size.",
          "rating": 5
        },
        {
          "id": 2,
          "user": "Bob Johnson",
          "comment": "Very durable and the battery lasts long.",
          "rating": 4
        }
      ],
      "id": 87
    },
    {
      "name": "Bluetooth Speaker",
      "description": "Portable Bluetooth speaker with 10-hour battery life and water resistance.",
      "price": 45.99,
      "category": "Audio",
      "stock": 85,
      "image": "https://example.com/images/bluetooth-speaker.jpg",
      "rating": 4.7,
      "reviews": [
        {
          "id": 1,
          "user": "Alice Brown",
          "comment": "Fantastic sound quality for the size.",
          "rating": 5
        },
        {
          "id": 2,
          "user": "Bob Johnson",
          "comment": "Very durable and the battery lasts long.",
          "rating": 4
        }
      ],
      "id": 88
    },
    {
      "name": "Bluetooth Speaker",
      "description": "Portable Bluetooth speaker with 10-hour battery life and water resistance.",
      "price": 45.99,
      "category": "Audio",
      "stock": 85,
      "image": "https://example.com/images/bluetooth-speaker.jpg",
      "rating": 4.7,
      "reviews": [
        {
          "id": 1,
          "user": "Alice Brown",
          "comment": "Fantastic sound quality for the size.",
          "rating": 5
        },
        {
          "id": 2,
          "user": "Bob Johnson",
          "comment": "Very durable and the battery lasts long.",
          "rating": 4
        }
      ],
      "id": 89
    },
    {
      "name": "Bluetooth Speaker",
      "description": "Portable Bluetooth speaker with 10-hour battery life and water resistance.",
      "price": 45.99,
      "category": "Audio",
      "stock": 85,
      "image": "https://example.com/images/bluetooth-speaker.jpg",
      "rating": 4.7,
      "reviews": [
        {
          "id": 1,
          "user": "Alice Brown",
          "comment": "Fantastic sound quality for the size.",
          "rating": 5
        },
        {
          "id": 2,
          "user": "Bob Johnson",
          "comment": "Very durable and the battery lasts long.",
          "rating": 4
        }
      ],
      "id": 90
    },
    {
      "name": "Bluetooth Speaker",
      "description": "Portable Bluetooth speaker with 10-hour battery life and water resistance.",
      "price": 45.99,
      "category": "Audio",
      "stock": 85,
      "image": "https://example.com/images/bluetooth-speaker.jpg",
      "rating": 4.7,
      "reviews": [
        {
          "id": 1,
          "user": "Alice Brown",
          "comment": "Fantastic sound quality for the size.",
          "rating": 5
        },
        {
          "id": 2,
          "user": "Bob Johnson",
          "comment": "Very durable and the battery lasts long.",
          "rating": 4
        }
      ],
      "id": 91
    },
    {
      "name": "Bluetooth Speaker",
      "description": "Portable Bluetooth speaker with 10-hour battery life and water resistance.",
      "price": 45.99,
      "category": "Audio",
      "stock": 85,
      "image": "https://example.com/images/bluetooth-speaker.jpg",
      "rating": 4.7,
      "reviews": [
        {
          "id": 1,
          "user": "Alice Brown",
          "comment": "Fantastic sound quality for the size.",
          "rating": 5
        },
        {
          "id": 2,
          "user": "Bob Johnson",
          "comment": "Very durable and the battery lasts long.",
          "rating": 4
        }
      ],
      "id": 92
    },
    {
      "name": "Bluetooth Speaker",
      "description": "Portable Bluetooth speaker with 10-hour battery life and water resistance.",
      "price": 45.99,
      "category": "Audio",
      "stock": 85,
      "image": "https://example.com/images/bluetooth-speaker.jpg",
      "rating": 4.7,
      "reviews": [
        {
          "id": 1,
          "user": "Alice Brown",
          "comment": "Fantastic sound quality for the size.",
          "rating": 5
        },
        {
          "id": 2,
          "user": "Bob Johnson",
          "comment": "Very durable and the battery lasts long.",
          "rating": 4
        }
      ],
      "id": 93
    },
    {
      "name": "Bluetooth Speaker",
      "description": "Portable Bluetooth speaker with 10-hour battery life and water resistance.",
      "price": 45.99,
      "category": "Audio",
      "stock": 85,
      "image": "https://example.com/images/bluetooth-speaker.jpg",
      "rating": 4.7,
      "reviews": [
        {
          "id": 1,
          "user": "Alice Brown",
          "comment": "Fantastic sound quality for the size.",
          "rating": 5
        },
        {
          "id": 2,
          "user": "Bob Johnson",
          "comment": "Very durable and the battery lasts long.",
          "rating": 4
        }
      ],
      "id": 94
    },
    {
      "name": "Bluetooth Speaker",
      "description": "Portable Bluetooth speaker with 10-hour battery life and water resistance.",
      "price": 45.99,
      "category": "Audio",
      "stock": 85,
      "image": "https://example.com/images/bluetooth-speaker.jpg",
      "rating": 4.7,
      "reviews": [
        {
          "id": 1,
          "user": "Alice Brown",
          "comment": "Fantastic sound quality for the size.",
          "rating": 5
        },
        {
          "id": 2,
          "user": "Bob Johnson",
          "comment": "Very durable and the battery lasts long.",
          "rating": 4
        }
      ],
      "id": 95
    },
    {
      "name": "Bluetooth Speaker",
      "description": "Portable Bluetooth speaker with 10-hour battery life and water resistance.",
      "price": 45.99,
      "category": "Audio",
      "stock": 85,
      "image": "https://example.com/images/bluetooth-speaker.jpg",
      "rating": 4.7,
      "reviews": [
        {
          "id": 1,
          "user": "Alice Brown",
          "comment": "Fantastic sound quality for the size.",
          "rating": 5
        },
        {
          "id": 2,
          "user": "Bob Johnson",
          "comment": "Very durable and the battery lasts long.",
          "rating": 4
        }
      ],
      "id": 96
    },
    {
      "name": "Bluetooth Speaker",
      "description": "Portable Bluetooth speaker with 10-hour battery life and water resistance.",
      "price": 45.99,
      "category": "Audio",
      "stock": 85,
      "image": "https://example.com/images/bluetooth-speaker.jpg",
      "rating": 4.7,
      "reviews": [
        {
          "id": 1,
          "user": "Alice Brown",
          "comment": "Fantastic sound quality for the size.",
          "rating": 5
        },
        {
          "id": 2,
          "user": "Bob Johnson",
          "comment": "Very durable and the battery lasts long.",
          "rating": 4
        }
      ],
      "id": 97
    },
    {
      "name": "Bluetooth Speaker",
      "description": "Portable Bluetooth speaker with 10-hour battery life and water resistance.",
      "price": 45.99,
      "category": "Audio",
      "stock": 85,
      "image": "https://example.com/images/bluetooth-speaker.jpg",
      "rating": 4.7,
      "reviews": [
        {
          "id": 1,
          "user": "Alice Brown",
          "comment": "Fantastic sound quality for the size.",
          "rating": 5
        },
        {
          "id": 2,
          "user": "Bob Johnson",
          "comment": "Very durable and the battery lasts long.",
          "rating": 4
        }
      ],
      "id": 98
    },
    {
      "name": "Bluetooth Speaker",
      "description": "Portable Bluetooth speaker with 10-hour battery life and water resistance.",
      "price": 45.99,
      "category": "Audio",
      "stock": 85,
      "image": "https://example.com/images/bluetooth-speaker.jpg",
      "rating": 4.7,
      "reviews": [
        {
          "id": 1,
          "user": "Alice Brown",
          "comment": "Fantastic sound quality for the size.",
          "rating": 5
        },
        {
          "id": 2,
          "user": "Bob Johnson",
          "comment": "Very durable and the battery lasts long.",
          "rating": 4
        }
      ],
      "id": 99
    },
    {
      "name": "Bluetooth Speaker",
      "description": "Portable Bluetooth speaker with 10-hour battery life and water resistance.",
      "price": 45.99,
      "category": "Audio",
      "stock": 85,
      "image": "https://example.com/images/bluetooth-speaker.jpg",
      "rating": 4.7,
      "reviews": [
        {
          "id": 1,
          "user": "Alice Brown",
          "comment": "Fantastic sound quality for the size.",
          "rating": 5
        },
        {
          "id": 2,
          "user": "Bob Johnson",
          "comment": "Very durable and the battery lasts long.",
          "rating": 4
        }
      ],
      "id": 100
    },
    {
      "name": "Bluetooth Speaker",
      "description": "Portable Bluetooth speaker with 10-hour battery life and water resistance.",
      "price": 45.99,
      "category": "Audio",
      "stock": 85,
      "image": "https://example.com/images/bluetooth-speaker.jpg",
      "rating": 4.7,
      "reviews": [
        {
          "id": 1,
          "user": "Alice Brown",
          "comment": "Fantastic sound quality for the size.",
          "rating": 5
        },
        {
          "id": 2,
          "user": "Bob Johnson",
          "comment": "Very durable and the battery lasts long.",
          "rating": 4
        }
      ],
      "id": 101
    },
    {
      "name": "Bluetooth Speaker",
      "description": "Portable Bluetooth speaker with 10-hour battery life and water resistance.",
      "price": 45.99,
      "category": "Audio",
      "stock": 85,
      "image": "https://example.com/images/bluetooth-speaker.jpg",
      "rating": 4.7,
      "reviews": [
        {
          "id": 1,
          "user": "Alice Brown",
          "comment": "Fantastic sound quality for the size.",
          "rating": 5
        },
        {
          "id": 2,
          "user": "Bob Johnson",
          "comment": "Very durable and the battery lasts long.",
          "rating": 4
        }
      ],
      "id": 102
    },
    {
      "name": "Bluetooth Speaker",
      "description": "Portable Bluetooth speaker with 10-hour battery life and water resistance.",
      "price": 45.99,
      "category": "Audio",
      "stock": 85,
      "image": "https://example.com/images/bluetooth-speaker.jpg",
      "rating": 4.7,
      "reviews": [
        {
          "id": 1,
          "user": "Alice Brown",
          "comment": "Fantastic sound quality for the size.",
          "rating": 5
        },
        {
          "id": 2,
          "user": "Bob Johnson",
          "comment": "Very durable and the battery lasts long.",
          "rating": 4
        }
      ],
      "id": 103
    },
    {
      "name": "Bluetooth Speaker",
      "description": "Portable Bluetooth speaker with 10-hour battery life and water resistance.",
      "price": 45.99,
      "category": "Audio",
      "stock": 85,
      "image": "https://example.com/images/bluetooth-speaker.jpg",
      "rating": 4.7,
      "reviews": [
        {
          "id": 1,
          "user": "Alice Brown",
          "comment": "Fantastic sound quality for the size.",
          "rating": 5
        },
        {
          "id": 2,
          "user": "Bob Johnson",
          "comment": "Very durable and the battery lasts long.",
          "rating": 4
        }
      ],
      "id": 104
    },
    {
      "name": "fdsf",
      "description": "dsf",
      "id": 105
    },
    {
      "name": "demo",
      "description": null,
      "price": "3434",
      "category": "dsfdf",
      "id": 106
    },
    {
      "name": "dsada",
      "description": "asf",
      "price": "4324",
      "category": "dsa",
      "id": 107
    }
  ]
}