<?xml version="1.0" encoding="UTF-8"?>
<!DOCTYPE hibernate-configuration PUBLIC "-//Hibernate/Hibernate Configuration DTD 3.0//EN"
                                         "http://www.hibernate.org/dtd/hibernate-configuration-3.0.dtd">
<hibernate-configuration>
 <session-factory>
  <property name="hibernate.connection.driver_class">com.mysql.jdbc.Driver</property>
  <property name="hibernate.connection.password">coe172001</property>
  <property name="hibernate.connection.url">jdbc:mysql://trng-00001985.chueiwozbnfz.us-east-1.rds.amazonaws.com:3306/revshop</property>
  <property name="hibernate.connection.username">admin</property>
  <property name="hibernate.dialect">org.hibernate.dialect.MySQL8Dialect</property>
  <property name="hibernate.hbm2ddl.auto">update</property>
  <property name="hibernate.show_sql">true</property>

  
 </session-factory>
</hibernate-configuration>
